codigo,pieza,categoria,estado,precio
Q-01,Pulsera · Azul que guarda historias,Pulseras,Disponible,
Q-02,Pulsera · Suavidad que te acompaña,Pulseras,Disponible,
Q-03,Pulsera · La belleza del matiz,Pulseras,Disponible,
Q-04,Pulsera · Todos tus colores,Pulseras,Disponible,
Q-05,Pulsera · Un pequeño universo,Pulseras,Disponible,
EM-01,Pulsera · Esmeraldas facetadas,Pulseras,Disponible,
A-01,Anillo · Luz que te centra,Anillos y dijes,Disponible,
TI-01,Dije · Topacio Imperial,Anillos y dijes,Disponible,
C-01,Cluster · Apofilita de diamante,Cuarzos y cristales,Disponible,
LM-01,Cristal · Cuarzo lemuriano aura,Cuarzos y cristales,Disponible,
GQ-01,Geoda · Geoda con druzy aura,Cuarzos y cristales,Disponible,
RC-02,Torre · Rutilo de cobre,Cuarzos y cristales,Disponible,
CQ-01,Esfera · Cuarzo rosa aureado,Esferas y corazones,Disponible,
AV-01,Corazones · Corazones de aventurina,Esferas y corazones,Disponible,
AO-01,Rodado · Ágata orca,Rodados,Disponible,
AV-02,Rodado · Aventurina verde,Rodados,Disponible,
CF-01,Rodado · Cuarzo flor de cerezo,Rodados,Disponible,
RC-01,Rodado · Rodocrosita,Rodados,Disponible,
SO-01,Rodado · Sodalita,Rodados,Disponible,
CJ-01,Rodado · Cuarzo jardín,Rodados,Disponible,
AM-01,Rodado · Ágata musgo,Rodados,Disponible,
CJ-02,Par de rodados · Cornalina y jaspe rojo,Rodados,Disponible,
OG-01,Rodados · Ojo de gato multicolor,Rodados,Disponible,
